logit_0,logit_1,logit_2,logit_3,true_label,group_label
-0.0753087,5.265787,-2.692199,-2.3501396,1,1
-0.44757473,-1.5490445,3.7349446,-1.7128092,2,0
-0.57567835,5.321714,-2.4866147,-2.1753733,1,1
-0.4428165,-1.54651,3.7340658,-1.718078,2,0
-0.5725176,-1.8910574,-1.4067019,3.7713647,3,0
3.0143795,-1.1455498,1.4088402,-2.7020485,0,1
-0.84953797,-1.612133,3.7227447,-1.2448455,2,0
-0.19922413,-1.2500999,3.597577,-2.0634367,2,0
-2.3041563,-1.7354597,-0.5418799,4.2478375,3,1
-2.2465692,-1.9458362,1.947244,2.234371,2,1
0.74610627,-0.8200769,1.196885,-0.45018044,0,0
-0.42468017,5.2919216,-2.6121206,-2.2407596,1,0
0.030073212,5.249353,-2.7879398,-2.316936,1,1
5.1458654,0.06722803,-1.8010913,-2.8682911,0,1
-1.9973918,-2.054169,1.7439941,2.3392513,2,0
1.3868178,-2.1817086,-1.6714673,2.4490132,3,0
5.0122805,-0.456091,-1.6987444,-2.3099694,0,1
0.30938065,5.182899,-2.8998506,-2.3401928,1,0
5.122604,-0.08601968,-1.7615018,-2.7592137,0,0
0.2755603,-1.6227502,-1.447513,3.178913,3,0
5.143811,0.119243294,-1.8117582,-2.9105356,0,1
-1.2823552,-1.7870005,3.4842317,-0.3418297,3,0
0.21829249,5.1594677,-2.85877,-2.3216136,1,0
-0.23969224,5.3311954,-2.6389132,-2.2891133,1,0
5.155056,-0.08686703,-1.7475891,-2.7800808,0,1
-0.56117016,-1.6086198,3.818387,-1.5801644,2,0
-0.39420635,-1.5736368,3.7235496,-1.7037911,2,0
-0.6527879,-1.6402017,3.7318754,-1.3823831,2,0
-0.27748424,-1.6110059,3.6638315,-1.7490537,2,0
-1.8765619,-1.8633853,2.677056,1.1286384,3,0
-0.45037025,-1.5014852,3.7793694,-1.7884828,2,0
-2.3423228,-1.9303555,-0.062401228,4.1173224,3,1
-0.9975328,-1.0756547,3.3201995,-1.1115389,2,0
-1.1905158,-1.5721713,3.426416,-0.52675414,2,0
-2.3639512,-1.9646809,1.2684791,2.976963,3,0
1.676164,-1.2722855,2.3376713,-2.428489,0,1
-0.26107055,5.2898073,-2.7040024,-2.1854463,0,0
-0.42047364,-1.5077432,3.738849,-1.7343521,2,0
0.8969474,-1.228321,3.0149446,-2.4500406,0,0
-0.36218402,5.3101234,-2.6345086,-2.190842,1,0
0.25607002,5.1726604,-2.8776352,-2.343802,1,0
5.159159,0.036281716,-1.7540029,-2.870963,0,1
5.1549773,0.015601498,-1.7380327,-2.864215,0,1
-2.164989,-1.8838105,-0.9434272,4.550509,3,0
5.129992,-0.08920642,-1.7182224,-2.817654,0,0
0.39822385,5.13101,-2.9631984,-2.3225534,1,0
-0.40962246,-1.4729555,3.7489696,-1.8016682,2,0
-0.3921697,5.335297,-2.5824735,-2.2464778,1,0
-0.48286104,-1.5118445,3.786957,-1.758167,2,1
0.05086329,5.22977,-2.817248,-2.284219,1,1
-2.2991521,-1.9469224,-0.3945073,4.305225,3,0
0.12693313,-1.9316701,-1.9533142,3.673134,3,0
-0.5340184,-1.5635155,3.745988,-1.5645053,3,1
-0.936969,-1.6914045,3.741645,-1.0606327,2,0
-0.5628591,5.319928,-2.451442,-2.17546,1,0
-2.2968009,-1.9110221,1.897264,2.3046074,2,0
5.1459565,-0.23102222,-1.7366259,-2.6590862,0,1
-1.412785,-1.4679286,-1.8084487,4.2514157,3,0
-0.58727735,-1.6883475,3.8349836,-1.4877021,2,0
0.26146466,5.155291,-2.8559318,-2.340443,1,0
-1.7390062,-1.7433393,3.0200493,0.5910692,2,0
-0.38933626,5.2737885,-2.6144454,-2.2358608,1,1
-0.11954578,5.300163,-2.683529,-2.3374646,0,1
-0.5988772,-1.5073214,3.7424674,-1.6538893,2,0
-0.24616037,5.2789164,-2.6940749,-2.2188294,1,1
-1.6239043,-1.9436839,-1.0376351,4.308191,3,0
-0.47258016,-1.3900654,3.7134404,-1.7655511,3,1
-0.5599925,5.3108883,-2.4870722,-2.216248,1,0
0.32149446,5.138159,-2.82224,-2.363411,1,0
-0.5492555,-1.5741264,3.8055243,-1.6463332,2,0
4.9571667,-0.29429466,-1.7989329,-2.321205,0,1
0.31553802,5.1585007,-2.8725877,-2.3744497,1,1
5.159194,-0.005250442,-1.7723529,-2.8702595,0,1
5.0573235,-0.4512081,-1.6912036,-2.4226806,0,1
5.12909,-0.15225795,-1.7677529,-2.7211845,0,0
0.482647,5.073697,-2.992665,-2.3448489,1,0
0.12130876,5.197208,-2.815323,-2.3373384,1,0
-2.3155878,-1.8721594,-0.5840168,4.396639,3,0
-1.5687722,-1.5136997,-1.6837813,4.294522,3,0
-0.65087783,-1.595597,3.7059658,-1.407405,2,0
5.169068,0.10400796,-1.9418509,-2.7602725,0,1
-0.8579036,5.2184834,-2.1243405,-2.261225,1,0
-0.4413847,5.220176,-2.5705671,-2.2323425,1,0
5.1619177,-0.100399315,-1.6596758,-2.8337898,0,1
-0.35547027,5.2183084,-2.5883439,-2.257693,1,0
-2.2861395,-1.8000989,-0.6558103,4.4000077,3,1
-0.38955796,5.2065945,-2.5931432,-2.199477,1,0
-0.5631403,-1.554802,3.7167819,-1.5307724,2,0
-0.99342054,-1.6616185,-1.8977581,4.1151304,0,0
-0.38727,-1.4261966,3.7378008,-1.8659316,2,0
0.3636108,5.1552806,-2.9143538,-2.3630674,1,0
-0.66047513,-1.1071178,3.617137,-1.7137443,2,0
-0.6051704,-1.5952908,3.8184311,-1.566654,2,0
-0.39049938,5.1842732,-2.6132526,-2.1774178,1,1
-0.23331589,-1.3231664,3.6459262,-2.035167,2,1
-2.39669,-2.0051136,0.54982865,3.6947603,2,0
-0.4000988,-1.3931289,3.728964,-1.8404633,2,0
-2.2554774,-1.9785914,-0.65764165,4.4478803,3,0
-1.5501409,-1.6218841,1.9676148,1.6143612,2,0
-0.7859465,-1.5983448,3.7796328,-1.2887056,2,0
-1.434302,-1.5031788,-1.7841508,4.2435865,0,1
5.138328,-0.124582626,-1.718659,-2.7590716,0,0
-0.8884392,-1.537373,3.7583137,-1.2305975,2,0
-2.0328367,-1.7617428,1.9521564,2.0697153,3,0
-2.4063258,-1.8111553,-0.22544755,4.2100744,2,0
0.4211056,5.117437,-2.9129858,-2.3675904,1,0
-1.0654635,-1.6580968,-1.6241813,3.984449,3,0
-1.5654103,-1.4819363,-1.7263534,4.3008757,3,0
-0.36028272,-1.4677081,3.6940153,-1.8152639,2,0
-2.3984845,-1.8649591,0.37313706,3.7615073,3,0
5.13429,-0.24391013,-1.6784126,-2.700842,0,0
-0.28089237,5.325849,-2.650111,-2.2517016,1,0
5.1340876,-0.057356615,-1.8106258,-2.770337,0,1
-0.95853436,-1.6130594,3.6345522,-0.9786105,2,0
-2.3040562,-1.8751825,-0.535238,4.3958526,3,0
-0.58545697,5.3122973,-2.4693067,-2.2306232,1,0
0.25116718,5.182708,-2.8291144,-2.4089222,1,1
-0.62109995,-1.5548941,3.7773314,-1.5293688,2,0
-0.21348017,5.2207994,-2.6669037,-2.2633622,1,0
-0.81794035,-1.638238,3.7676368,-1.2607824,2,0
5.106464,-0.20183338,-1.8415278,-2.6109104,0,1
4.9276433,-0.70887303,-1.7903281,-1.9106855,0,0
5.141199,0.014970943,-1.7371101,-2.8455691,0,0
-0.44237405,5.24427,-2.56691,-2.2139893,1,1
2.1378238,-1.3529832,1.5541592,-1.8778505,0,0
5.1342134,-0.1609805,-1.7079884,-2.730155,0,0
-2.220988,-1.9979602,1.1488241,3.1042001,3,0
-0.56168973,5.3164196,-2.509445,-2.206172,1,0
-2.3823814,-1.9823087,0.66772324,3.5575218,2,1
-0.6677753,-1.5269237,3.7671423,-1.4908168,2,0
5.157195,0.02189836,-1.7765096,-2.8678775,0,1
-0.65088344,-1.8955913,-0.014363719,2.786189,0,0
-1.7667885,-1.7613366,2.7566075,0.9574638,3,0
-0.29146716,-2.3305397,-0.9207265,3.612435,3,0
-0.2780736,-1.3638544,3.6335862,-1.8898889,2,0
4.9444776,-0.52573025,-1.8234699,-2.1845236,0,0
-0.31926212,-1.5423963,3.6925097,-1.8095236,2,0
-0.6634918,5.2996693,-2.3626606,-2.2082865,1,0
-1.4588599,-2.0265238,-0.78187156,3.9020154,3,0
-0.45206586,-1.4822686,3.7442198,-1.7580671,2,0
0.1659739,-1.8935071,-1.7842326,3.5277402,0,1
-0.62036616,5.2320023,-2.4641604,-2.2226484,1,0
-0.52659136,5.1881247,-2.4885836,-2.1674812,1,0
5.0361223,-0.5215131,-1.6828564,-2.345588,0,0
4.2208586,-1.4237579,-1.1511298,-1.1699301,0,0
-2.2942429,-1.8635507,-0.68844545,4.4382615,3,0
-0.68938655,5.21826,-2.2471902,-2.297154,1,0
0.055924673,5.2453046,-2.8022687,-2.3160627,1,0
-1.6917737,-1.9872178,0.582236,3.1271691,0,0
-0.740298,-1.6374787,3.8485894,-1.3044204,2,0
-1.612095,-1.9888945,-1.060893,4.1587396,3,0
-1.6569276,-1.529997,-1.6665407,4.3342104,3,0
-1.4089904,-1.6438464,-1.6971892,4.154991,3,0
-0.35789272,5.288331,-2.6309333,-2.262029,1,1
-0.3386833,-1.4668853,3.7202682,-1.85557,2,0
0.17624824,5.210962,-2.8611193,-2.3412623,1,1
-0.15994512,5.2183933,-2.7814355,-2.249182,1,0
3.1435454,-0.86270964,-1.2150409,-0.63527954,0,0
5.1367292,-0.05343161,-1.7645994,-2.804951,0,1
-0.61671287,5.3184967,-2.4330938,-2.2114804,1,0
0.34303126,5.1488724,-2.9211636,-2.3257866,1,0
1.2318962,4.563989,-3.0750272,-2.4752316,1,0
-1.9368484,-1.8379543,-1.0596701,4.429907,3,1
-0.51886374,-1.5370111,3.7998834,-1.7194953,2,0
-2.211768,-1.9044225,-0.12574925,4.098855,3,0
-2.3640633,-1.8587071,0.17857143,3.8569396,3,0
-0.54451305,5.326798,-2.5138562,-2.223632,1,1
-1.175124,-1.6784625,3.487041,-0.5411223,2,0
5.0108523,-0.59189796,-1.6171055,-2.3261247,0,0
5.085256,-0.36356443,-1.5816348,-2.7378926,0,1
-2.0962687,-1.8713572,-0.9707742,4.491775,3,0
-0.3565611,5.311334,-2.6122851,-2.2036564,1,0
1.6477118,-1.2791003,1.7142555,-1.8537756,2,0
5.1600385,-0.0838933,-1.7356726,-2.781406,0,1
-1.6096796,-1.6581312,-1.4466677,4.266483,3,0
-1.6089269,-1.7842982,3.06661,0.39661124,2,0
-0.5809124,5.332628,-2.4974983,-2.172062,1,0
5.041675,-0.61991435,-1.6305091,-2.2411232,0,1
5.109409,-0.24738933,-1.6709615,-2.6735275,0,0
-0.48594856,-2.3209872,-1.1124415,3.891646,3,0
-1.0320362,-1.617384,3.586211,-0.86380756,3,0
5.146957,-0.03827627,-1.7682438,-2.7957103,0,1
-0.61993045,-1.5118662,3.7079208,-1.4947252,0,0
-0.43413466,-1.4682611,3.7497628,-1.794469,2,0
5.072808,-0.40513742,-1.6649655,-2.505607,0,0
-2.4591272,-1.9519345,0.23204704,3.9301932,3,0
5.159823,0.029320702,-1.7771227,-2.8921928,0,1
-2.2037213,-1.7992367,0.08494226,3.7920089,3,0
-0.70235467,5.2873764,-2.4027343,-2.1808717,1,0
-0.5364102,-1.5168599,3.7309911,-1.6543771,2,0
-2.1576345,-1.8679974,-0.9498429,4.5132427,3,0
-2.2790403,-2.0015202,1.6866832,2.5727875,2,0
-0.31597507,5.2305007,-2.630302,-2.2045052,1,1
3.6622393,-1.1537873,-0.8548801,-1.2301248,0,1
-0.117059566,5.2388954,-2.7421181,-2.2578835,1,1
-1.5334783,-1.6043568,-1.6929051,4.3574767,3,1
-0.46848452,-1.5626954,3.785602,-1.7186307,2,0
-0.083202854,-1.707227,3.6317897,-1.7425069,2,0
-2.2700484,-1.823279,-0.78516704,4.473098,3,0
0.38178584,5.1186423,-2.9051719,-2.3774533,1,0
5.143754,0.0021754277,-1.7847618,-2.8514874,0,1
-1.8542005,-1.7323681,-1.0321321,4.2572846,3,0
-1.1061374,-1.6333119,3.504279,-0.3633643,2,0
-0.5194984,-1.4514183,3.755706,-1.7195345,2,0
-0.53231746,-1.4686358,3.7549706,-1.6972344,2,0
-2.2564018,-1.8869687,0.16085449,3.8542347,3,0
-1.7995083,-2.0678923,-0.42366862,4.13594,3,1
5.157515,0.045443542,-1.782092,-2.874266,0,0
-1.1775963,-1.7313961,3.532147,-0.52932507,2,1
-1.7055733,-1.8955561,2.8834627,0.7438101,2,0
0.6951462,-1.5473211,3.1204052,-2.005969,0,1
5.1671796,-0.069664955,-1.7961456,-2.7604234,0,1
-1.9969465,-1.7148126,-0.18749312,3.9458263,3,0
-2.3170798,-1.8927791,0.3116586,3.7997131,2,0
-1.8663275,-2.158789,-0.41125625,4.223097,3,0
-0.4566367,-1.5502653,3.713766,-1.6778784,2,0
5.045471,-0.37628174,-1.536457,-2.5250323,0,1
-0.8870561,5.096153,-2.1617918,-2.1878638,1,0
5.1508384,-0.00423899,-1.7954835,-2.8270507,0,1
-2.247397,-1.9911425,0.09126497,4.013848,3,0
-0.58083314,5.226105,-2.4257216,-2.2056034,1,0
-1.5366484,-1.4673442,-1.7611892,4.2832727,3,0
5.1587524,0.06358416,-1.7819169,-2.8983965,0,1
-0.43682256,5.23172,-2.5862534,-2.1606765,1,0
-0.9355207,-1.6355257,3.6140637,-0.97387093,2,0
0.54703104,4.901631,-2.9534957,-2.2049358,1,0
3.4703357,-1.545515,-1.7570276,0.27264422,3,1
-0.45986572,5.320056,-2.5366104,-2.2156978,1,0
-0.30612543,-1.4168613,3.6404405,-1.8787956,2,0
4.8281336,-0.70201474,-1.6948721,-1.8995695,3,0
-0.5259753,-1.6370213,3.6270905,-1.4145368,2,0
-0.40714595,5.2158546,-2.640349,-2.1283853,1,0
-0.07951235,5.263405,-2.724581,-2.2971902,1,0
-0.00027041114,5.212185,-2.8176472,-2.30167,1,0
-1.4801664,-1.4408165,-1.8060145,4.2488256,3,0
-1.2089667,4.2081437,-0.5892751,-2.6339266,1,0
-0.39690918,-1.4857239,3.7527452,-1.8322062,2,0
-2.1956532,-1.8082262,-0.96445906,4.5071416,3,0
-0.53716886,-1.5880787,3.793674,-1.6079402,2,0
-0.46744984,-1.5550292,3.758751,-1.6863987,2,0
-0.7019805,-1.6636851,3.757125,-1.3462231,2,0
0.7642833,-1.5168976,3.1149194,-2.1453679,2,1
-2.3011832,-1.9006482,-0.6160996,4.4171457,3,0
5.128565,-0.2319602,-1.7082895,-2.6666422,0,0
0.34316477,5.1577663,-2.9350548,-2.322204,1,0
-1.6986223,-2.1211913,-0.60735035,4.2390275,3,1
-0.20218113,5.233369,-2.7224507,-2.2130973,1,0
-0.4295494,-1.404188,3.734739,-1.8454851,2,1
4.0370135,-1.1299237,-0.56359386,-1.7348064,0,1
5.163278,0.022626601,-1.7752717,-2.8829968,0,0
-0.53937095,-1.5379276,3.7413857,-1.5916598,2,0
-0.79294395,-2.2080483,0.55117965,2.8425446,0,0
0.07110333,5.222266,-2.805623,-2.337523,1,1
0.40663272,5.148052,-2.9270675,-2.352786,0,0
-0.54761875,-1.5044494,3.7817063,-1.7061049,2,0
-2.4820635,-1.9410882,0.5571837,3.6578302,3,0
5.102483,-0.34363368,-1.7160499,-2.5945995,0,0
-0.6584034,-1.6129334,3.8259103,-1.485895,2,0
5.149355,-0.16105239,-1.772838,-2.662965,0,1
-0.53757656,-1.5519336,3.7729676,-1.688512,2,0
-2.2204056,-1.708645,-0.49326998,4.2403073,3,1
-2.2972739,-1.8694488,-0.56213206,4.3286276,3,0
-0.9516702,3.3384295,0.36940724,-2.727729,1,0
5.1358595,0.43104964,-2.034004,-2.9451334,0,1
-0.4208376,-1.5920957,3.6954377,-1.6385139,2,0
-2.1013343,-2.0217972,0.5608842,3.467362,3,0
-0.60598123,5.3116417,-2.4787169,-2.1941524,1,0
-0.38095522,-1.4132916,3.706059,-1.8490536,2,0
-2.362633,-2.0337179,-0.018647458,4.1144037,3,1
-2.435781,-1.9648532,-0.091865204,4.139563,3,0
5.1614833,-0.04296775,-1.7849904,-2.8117929,0,1
-0.64896035,-1.4961559,3.7486053,-1.5521468,2,0
-2.348174,-1.9301051,-0.492978,4.364381,3,0
-2.1183946,-1.804561,-0.8575673,4.395479,3,0
-0.43140218,5.239769,-2.5573747,-2.2147517,1,1
-1.9775962,-2.1308975,2.182637,1.9404684,2,1
-2.4549987,-1.8384018,0.5755925,3.546314,3,0
5.082965,-0.104952514,-1.708417,-2.7062702,0,1
-0.721332,-1.5432203,3.7840211,-1.448748,2,0
-0.40402296,-1.4695296,3.7393186,-1.7975389,2,1
-0.11789722,5.1319666,-2.6590648,-2.246893,1,1
-1.5198294,-1.9947475,-1.0509732,4.189935,3,0
-0.5959387,5.242436,-2.4686286,-2.2009811,1,0
-0.3616471,5.3350925,-2.6045735,-2.2397923,1,0
1.5768883,-1.3133544,2.5665958,-2.536073,2,0
-1.1938024,-1.520846,-1.8687464,4.17346,3,0
-1.4049885,-1.4828366,-1.8123537,4.2496166,0,1
-2.2009838,-1.9842826,-0.5077711,4.3645,3,0
-0.96581227,-1.5814376,-1.9935702,4.127579,3,0
-2.3080451,-1.7991316,0.19501273,3.817698,3,0
0.6419389,-1.5238771,-1.1882013,2.098968,3,0
-0.67809296,5.3001,-2.4270737,-2.1819923,1,0
-0.81280804,-1.5250714,3.7008126,-1.2813494,2,0
0.053360794,5.153725,-2.86214,-2.2259488,1,0
-2.4282901,-1.9409815,0.5900733,3.6050992,3,1
1.8638119,-1.0899278,2.2113338,-2.7824085,2,1
5.166231,0.080428354,-1.8068198,-2.916956,0,1
0.2211124,5.1743703,-2.831277,-2.3290308,1,1
-2.3675537,-1.9369597,-0.12591356,4.162167,2,0
-2.2511704,-1.8519543,-0.810378,4.4764967,3,1
-2.4040642,-1.9242262,-0.22930309,4.23834,3,0
-2.3295732,-1.9403876,-0.6111911,4.4309187,3,0
-0.98833334,-1.5674819,3.6829076,-1.0346591,2,1
5.1440973,0.18589398,-1.8442197,-2.9198802,0,1
5.1349707,-0.13251355,-1.7686243,-2.7184217,0,1
5.144312,-0.05747493,-1.73127,-2.840193,0,1
-2.3008134,-2.0301156,1.7689865,2.4770832,2,0
-2.020202,-2.10015,1.149962,3.0190194,3,0
2.1223574,-1.864182,-2.0946906,2.0654285,3,1
-2.2512972,-1.7827805,-0.66193044,4.391886,3,1
-0.3498043,-1.4650402,3.7434042,-1.8669345,2,0
0.3025456,5.14753,-2.856745,-2.3697574,1,0
-0.7395177,-1.5913954,3.8109508,-1.472126,2,0
4.93372,-0.59575725,-1.4895747,-2.4316955,0,0
-1.1105182,-1.6563069,3.4930298,-0.6534354,2,0
-2.3852668,-1.5258229,0.98927206,2.971021,3,0
0.40572736,5.115935,-2.9350722,-2.337011,1,0
-0.20236686,-1.2685492,3.5920942,-2.0309212,2,0
0.36262178,-1.5115039,2.5440085,-1.0611274,3,0
-0.8895965,-1.6503823,3.6087391,-0.9938901,2,0
5.100424,-0.3201543,-1.7147808,-2.5068312,0,0
5.128035,-0.14531018,-1.6846702,-2.8302352,0,0
5.1384645,0.24333574,-1.8496311,-2.939537,0,1
-0.44617817,-1.4304123,3.6965303,-1.7463255,2,1
-1.0333945,-1.7351537,-1.6542704,4.200051,3,0
5.148454,-0.038266607,-1.7317182,-2.8497484,0,1
-0.4969323,5.3109574,-2.5615704,-2.2060256,1,1
-0.47238868,-1.4885857,3.7823184,-1.7863151,2,0
-1.9296004,-1.9079028,-1.109858,4.487949,3,0
-0.5420178,-1.5849099,3.7806015,-1.6058198,2,0
-2.0318217,-1.8400043,-1.099036,4.529482,3,0
-2.464093,-2.0417204,0.78255945,3.5233736,3,0
4.2449503,-1.3766673,-1.6230212,-0.74475425,0,0
-0.5875283,5.317458,-2.4970999,-2.123172,1,0
2.0660326,-1.9297428,-0.46371025,0.7264809,3,0
5.0998893,-0.27115697,-1.706304,-2.5701206,0,1
5.128563,-0.07576693,-1.7540075,-2.7871876,0,1
5.0899673,-0.38461205,-1.6613449,-2.518446,0,0
-0.4404233,5.215917,-2.5872772,-2.1729012,1,0
0.95151526,-1.6025636,3.0375698,-2.2531662,2,0
-2.277967,-1.9076471,-0.69557333,4.4490805,3,0
5.1462574,-0.08687047,-1.7168788,-2.8176177,0,1
-0.4129733,-1.507461,3.732777,-1.7382159,2,1
-0.38067657,5.3303194,-2.585913,-2.2586522,1,0
-2.1556506,-1.8910991,0.7749906,3.3574336,2,1
5.155505,-0.069545604,-1.7407508,-2.7984865,0,1
5.150871,0.04384981,-1.7577087,-2.889834,0,1
-1.3731838,-1.4553932,-1.8108944,4.192629,0,1
-1.142719,-1.4466163,3.3080308,-0.34298155,2,0
-0.49746144,-1.4598291,3.7387064,-1.7564609,2,0
-2.1542103,-1.8916228,-0.671662,4.351823,3,1
-1.957146,-1.9804504,-0.6525783,4.3762913,3,0
-0.2602779,5.296946,-2.7111335,-2.2141345,1,0
-0.43244305,5.1888614,-2.5664015,-2.1821034,1,0
0.28264174,5.1743684,-2.9271884,-2.2992437,1,0
-0.59745574,-1.6562663,-2.1340852,4.0470486,3,1
-0.703962,-1.5863787,3.7723608,-1.448119,2,0
-0.23224586,5.2837787,-2.7167406,-2.2383657,1,0
0.095563404,5.245607,-2.8044426,-2.3504858,1,1
-0.52248245,-1.5040529,3.7412977,-1.6501671,2,0
5.1037717,-0.43634683,-1.7151328,-2.4825633,0,0
0.37718356,-1.5638423,3.1080298,-1.6038913,2,0
-2.2429194,-1.8618858,-0.87310183,4.491167,3,0
5.1548076,-0.07445768,-1.7304313,-2.824692,0,1
-1.2587115,-1.8508037,2.369073,1.0690722,2,0
-0.43857205,5.208741,-2.5364435,-2.1792922,1,0
0.30870187,5.161212,-2.9011147,-2.3053415,1,0
4.7997613,-0.5790027,-1.0700625,-2.6465306,0,0
-0.64416754,-1.5616227,3.7641816,-1.5244294,2,0
2.2010207,3.994225,-3.158173,-2.7051382,0,1
-2.1072645,-2.0166812,-0.519297,4.3223805,3,0
0.32841438,5.1290994,-2.9105883,-2.3383274,1,0
5.139244,-0.06871742,-1.7468125,-2.7648077,0,1
5.1401057,0.26825556,-1.9086041,-2.919053,0,1
-0.5733467,-1.5083266,3.7711375,-1.6564404,2,0
-0.053208806,5.250462,-2.7582128,-2.3051212,1,0
-0.7649935,-1.5959575,3.7757163,-1.3758754,2,0
-0.05992417,5.2310123,-2.784753,-2.2368011,1,0
-0.24745595,5.2923985,-2.712722,-2.1887553,1,0
4.130112,-1.4726295,-0.84477746,-1.1935729,1,0
-1.1586175,-1.6003845,3.4812567,-0.59704924,2,1
5.1100755,-0.34262276,-1.6542326,-2.5801704,0,0
-0.49446908,5.3265443,-2.5013523,-2.2190626,1,0
-1.2754678,-1.6304861,3.2815073,-0.19271502,3,0
-0.35061255,-1.435432,3.7122238,-1.8666937,2,0
-2.4000509,-1.8211458,0.87654084,3.3442562,3,1
-0.65032125,5.292245,-2.4095407,-2.1989563,1,1
5.1670604,-0.02955862,-1.7504534,-2.8547132,0,1
-2.3299596,-1.7806886,-0.6543484,4.389657,3,1
-1.0309641,-1.6346172,3.5923533,-0.8369587,2,0
-2.2118907,-1.9123145,-0.84967786,4.497853,3,0
-0.33528864,-1.4372928,3.7399766,-1.9067465,2,0
5.1444235,0.17589572,-1.8078856,-2.9347808,0,1
-0.25110444,5.228245,-2.6886659,-2.2299187,1,1
-0.5404934,5.279261,-2.4945369,-2.2268803,1,1
-0.7944797,-1.6513094,3.7629547,-1.2488142,2,0
-0.49814895,-1.5317482,3.8161876,-1.7393372,2,0
-0.5785069,5.32482,-2.4833965,-2.1928194,1,0
5.151119,-0.06996911,-1.7332954,-2.7919803,0,0
-1.1011895,-2.0630565,-1.1675731,4.1818523,3,0
-0.6530406,5.3051696,-2.4100347,-2.2299395,1,0
-2.0258417,-1.6808797,-1.1532074,4.4505825,3,0
-0.48413593,-1.4841236,3.7610915,-1.7556473,2,0
-0.5990627,5.301513,-2.4624841,-2.230097,1,0
0.5206977,5.0549226,-2.9757733,-2.3566642,1,0
-0.4909332,5.239955,-2.5571754,-2.1782923,1,1
0.22549303,5.189936,-2.871496,-2.3363495,1,1
-0.17260303,5.268184,-2.6812854,-2.2642508,1,1
5.1776943,0.02123368,-1.8456641,-2.809546,0,1
0.33575583,5.126154,-2.8540156,-2.35153,1,1
-0.67903244,-1.4627702,3.8409667,-1.5437057,2,0
-2.2981563,-1.992358,0.100241385,4.0155573,2,0
-1.3938417,-1.6384284,3.32656,-0.12906787,2,1
5.1501193,0.025667628,-1.7697079,-2.8737922,0,1
-0.5403315,-1.5280663,3.7890522,-1.7066,2,0
5.0889173,-0.4269273,-1.6474568,-2.5852237,0,0
-0.5618794,-1.4917779,3.777561,-1.6746862,2,1
-2.3438048,-1.83293,-0.3845404,4.309247,3,0
5.1507125,0.009994331,-1.7588518,-2.9130564,0,1
1.2980629,-1.7678901,-2.1960258,2.7311423,3,0
-2.3376029,-1.870274,-0.53125453,4.3684626,3,0
0.8254994,-0.7722738,0.5722373,-0.13272008,0,0
3.5436873,-0.9911522,0.87878036,-2.9163404,2,1
-2.2167156,-1.9375992,-0.68948424,4.452057,2,0
-0.37406197,-1.4078286,3.7311406,-1.8538481,2,0
5.1029234,-0.32297802,-1.6599334,-2.6215723,0,1
-1.7617059,-1.8030466,2.6781068,1.01824,3,0
-2.3856432,-1.8975363,-0.47969314,4.343789,3,0
5.1435223,-0.10958913,-1.7509441,-2.7615337,0,0
-0.028658431,5.2171187,-2.7793725,-2.287811,1,0
4.897923,-0.68022525,-1.5351825,-2.1155412,0,0
5.153433,-0.034419633,-1.7084554,-2.8572187,0,0
5.144814,-0.02394785,-1.7480074,-2.7897046,0,1
-0.45451036,-1.4521545,1.731655,0.04178704,3,0
5.156973,0.197887,-1.8207213,-2.953647,0,1
-1.4893779,-1.8093128,3.2436125,0.12501524,3,0
5.121091,0.08425078,-1.7720113,-2.8660004,0,1
-0.5938638,5.2545996,-2.2493358,-2.3253093,1,1
0.22804162,5.028655,-2.666672,-2.4514358,1,0
5.0935264,-0.3199615,-1.7103077,-2.5505755,0,0
-2.252325,-1.8484333,0.19180621,3.8802228,3,0
-0.49267808,5.224506,-2.5101275,-2.2313647,1,0
0.29162374,-1.8128469,-0.25491834,2.1348276,3,0
-0.048010718,5.2443023,-2.7492442,-2.3003893,1,0
-1.4680487,-1.4895698,-1.8071253,4.273701,3,0
-1.5457124,-1.6560214,-1.3164331,4.0379753,3,0
-1.1811868,-1.700012,3.4232051,-0.39913726,2,0
-2.381778,-1.907878,-0.35310343,4.298615,3,0
-0.6288132,-1.559993,3.7652507,-1.5408567,2,0
-0.75027263,-2.0461152,3.1332495,-0.15250367,2,0
-0.50099283,5.3175006,-2.525029,-2.2532363,1,0
-2.1099815,-1.9158794,-0.8706097,4.46222,3,0
4.0204496,-1.5859728,-0.8748269,-1.0285834,3,1
-0.1019178,-1.3314738,3.5465884,-2.0142589,2,1
-1.483131,-1.527383,-1.7175148,4.240421,3,0
-0.4111226,-1.4294711,3.745843,-1.8333113,2,0
-0.12467105,5.2539744,-2.705713,-2.291094,1,1
-0.7371499,-2.045609,3.372382,-0.46186414,2,0
-0.16905637,5.2399325,-2.748476,-2.2315888,1,1
-2.045558,-1.8394421,-0.06875863,3.9730382,3,0
5.13672,-0.22052483,-1.6971757,-2.7086883,0,0
-0.6859559,5.3089046,-2.3669636,-2.2343664,1,0
4.37149,-0.89678323,-1.3854176,-1.3649788,3,1
-2.187693,-2.0592122,-0.16708513,4.1552763,3,0
-1.0201935,-1.5704639,-1.9211601,4.1414447,3,0
4.4477954,-0.26038903,-0.92633516,-2.6589046,2,0
5.15279,0.16069183,-1.8328577,-2.8999012,0,1
-0.34462842,5.2478557,-2.6140103,-2.202742,1,0
0.4118759,5.1237116,-2.9217494,-2.3373308,1,0
0.3373972,5.1391335,-2.89173,-2.3731272,1,1
-1.2610173,-1.645812,-1.6736702,4.16952,3,0
5.164963,0.05685562,-1.801433,-2.8953228,0,1
5.1690583,0.05922808,-1.8058337,-2.8642612,0,1
-0.52373236,5.2972717,-2.5255802,-2.202721,1,0
5.1539855,-0.1792975,-1.7470138,-2.7129545,0,1
-1.7813869,-1.7468725,-1.2545311,4.398455,3,0
-0.43968186,-1.4954809,3.7519395,-1.7756934,2,0
5.1192775,-0.31176582,-1.7343147,-2.578339,0,0
5.152149,-0.045980733,-1.8021822,-2.7876463,0,0
0.4906277,-1.2369916,3.056473,-2.247475,0,0
0.28634962,-1.3667592,3.4098325,-2.048454,0,0
-0.33461735,5.277186,-2.6246607,-2.2786117,1,0
-0.2309153,-1.3836002,3.681039,-1.9460138,2,0
-0.35017204,-1.4131849,3.6842222,-1.8601425,2,0
-0.37586913,-1.4206561,3.689791,-1.8429278,2,0
-1.7080564,-1.9145334,-1.0421755,4.2917786,3,1
-2.3460114,-1.9015528,0.71461904,3.4355254,3,0
0.11568697,5.1731224,-2.8544188,-2.293159,1,0
-0.43977678,-1.4825907,3.7391686,-1.7600168,2,0
-2.2697206,-1.9053584,-0.669498,4.442009,3,1
5.152136,-0.11366114,-1.7058104,-2.7612548,0,1
0.5713541,-1.9571354,-1.944224,3.3042161,3,1
-1.4922959,-1.4678142,-1.7517257,4.2426686,3,0
2.5183656,3.7391396,-2.9237947,-2.9109633,1,0
-2.347268,-1.9375618,-0.36887676,4.2787724,3,0
-0.52133596,-1.5088229,3.7875688,-1.726164,2,0
5.0848155,-0.0042949263,-1.5292945,-3.0062609,0,1
-0.5018995,5.3308115,-2.507208,-2.2207427,1,0
-0.1281178,5.1906667,-2.7150917,-2.228323,1,0
5.1592865,0.22698285,-1.8515961,-2.9678452,0,1
-2.2113216,-1.9592632,-0.6604531,4.4579716,3,0
-2.349028,-1.7716526,-0.12434909,3.995673,3,1
-1.7861348,-2.17458,-0.5218045,4.289206,3,0
-0.5166482,5.3254433,-2.48639,-2.235511,1,0
5.0949287,-0.46626258,-1.6981276,-2.4274056,0,0
-0.69348663,5.2994075,-2.3906572,-2.228801,1,0
-0.5352357,5.341893,-2.4757037,-2.2007322,1,1
5.0635157,-0.4950366,-1.5815616,-2.5407627,0,0
-0.17537451,5.229131,-2.6993177,-2.2542644,1,0
-0.84339905,-2.0613277,-1.371536,4.1815877,3,1
-1.6793126,-2.113344,-0.62288,4.253576,3,0
5.1610866,0.10173778,-1.7811613,-2.9241574,0,1
-2.4023867,-1.9818523,-0.24707976,4.276715,3,0
-0.1395642,5.168833,-2.4674149,-2.4393637,1,0
-1.4556338,-1.58012,-1.7808256,4.34294,3,0
-0.37408817,5.2782283,-2.636708,-2.227717,1,0
5.1365643,-0.13949311,-1.7549424,-2.776476,0,0
5.057468,-0.22154498,-1.8744444,-2.4409866,0,1
-1.6099744,-1.5251733,-1.6332868,4.295044,3,0
-2.3041992,-1.87824,-0.57560706,4.369414,3,1
-0.65943545,5.304601,-2.4246786,-2.2012022,1,0
-0.3263855,-1.3818389,3.7212327,-1.9287238,2,1
5.1436,0.0168814,-1.8017516,-2.8459003,0,1
-0.5752535,5.3128915,-2.4606738,-2.197011,1,0
-2.1329672,-1.9610599,-0.719279,4.4404225,3,0
-0.3043591,-1.3375814,3.6655521,-1.9153612,2,0
5.157271,0.066626646,-1.7792529,-2.8587763,0,1
5.1189866,-0.23667423,-1.835876,-2.5481174,0,0
5.091716,-0.35079333,-1.6493093,-2.5208683,0,0
5.151232,-0.06283809,-1.7458862,-2.8297057,0,0
5.1447506,0.17773706,-1.818701,-2.938338,0,1
-0.43362778,-1.5436988,3.7661548,-1.7549479,2,0
-2.3632448,-1.8492097,0.28245217,3.7868302,3,0
-0.5487902,-1.5764563,3.448748,-1.3043774,2,0
-0.7014967,5.2822857,-2.390099,-2.1759963,1,0
-0.5048063,-1.5114627,3.7775092,-1.7328396,2,0
-2.1589751,-1.9076197,-0.7376583,4.4351544,3,0
3.11084,-1.4085084,-1.5969168,0.44079787,0,0
-0.62915754,5.322154,-2.430858,-2.207323,1,0
-1.4960144,-2.0146215,-1.2340794,4.404786,3,1
-1.7239438,-1.7794657,2.986307,0.64495903,3,0
-2.3377385,-1.8933047,-0.3631321,4.2820473,3,1
-0.5276372,5.3294673,-2.4818745,-2.2242367,1,0
-0.32445836,-1.4709923,3.706676,-1.850285,2,0
-1.7619885,-1.7624813,-1.3619645,4.35906,3,0
5.1218204,-0.24576762,-1.6487654,-2.7950802,0,0
3.9157948,-1.1646641,-0.16311373,-2.0748723,2,0
-2.0730336,-1.9233342,-0.7641615,4.3586,3,0
-0.19819354,-1.3597943,3.659302,-1.9847531,2,0
0.48281002,5.101367,-2.9607308,-2.3439121,1,1
-0.25295874,-1.3562199,3.6198664,-1.910032,2,0
5.148924,-0.070660524,-1.7284609,-2.8336554,0,1
-1.9951521,-1.7355461,-1.2177491,4.4585943,3,0
-0.2802857,5.2396555,-2.7021167,-2.188379,1,0
-1.4385194,-2.0526567,-1.2077355,4.3414364,3,0
-1.6309596,-1.554008,-1.6646471,4.332065,3,0
5.01521,-0.6690131,-1.4506016,-2.4275885,0,0
-1.1839814,-1.6984394,3.4728024,-0.57089794,2,0
4.9992228,0.04491504,-1.4179214,-3.0709019,0,1
-1.1695354,-2.1635666,-0.25804898,3.2922957,2,0
5.1337285,-0.2265764,-1.5864439,-2.7680688,0,1
5.1639624,0.0069099795,-1.7884487,-2.8691068,0,0
-2.4448884,-1.8991147,0.32011712,3.8261597,3,1
-0.3966714,5.309449,-2.6213813,-2.1893954,1,1
0.34949353,5.1495295,-2.88944,-2.3500903,1,0
-1.9514785,-1.8542744,-1.0937508,4.4635057,3,0
5.1087027,-0.18098024,-1.7215589,-2.6885746,0,1
-1.1989325,-1.9908004,-1.3738708,4.315696,3,0
5.1309896,-0.23963709,-1.7506722,-2.6116154,0,0
4.982492,-0.628639,-1.6678901,-2.1677861,0,0
-1.0408316,5.1046247,-1.9546368,-2.2050784,1,0
-0.43988192,5.333054,-2.545648,-2.2370305,1,0
5.141914,-0.16764958,-1.6946969,-2.772751,0,0
-1.9513586,-1.7722766,2.6900282,1.2059512,2,0
-0.40089756,5.3132477,-2.605991,-2.1634064,1,0
-0.38779104,-1.4545184,3.7288306,-1.8428545,2,0
-2.2918136,-1.9113376,-0.34805146,4.2660556,3,0
-0.05379666,5.2644672,-2.729075,-2.3344638,1,0
-1.5424944,-1.5166912,-1.7134095,4.290273,3,0
-2.32431,-1.8558278,-0.70089257,4.4300632,3,0
-0.43674278,-1.4714843,3.7293022,-1.7830062,2,0
-0.42484087,5.261863,-2.6019335,-2.175712,1,0
5.1631713,-0.109468155,-1.7369403,-2.8208501,0,1
0.397188,5.131708,-2.9437146,-2.301396,1,0
5.091221,-0.39521244,-1.7564557,-2.4751258,0,0
-0.9586839,5.208768,-2.1172543,-2.1511574,1,1
4.9933825,-0.59247094,-1.437653,-2.5125072,0,0
5.161289,-0.07516229,-1.7465273,-2.8356657,0,1
5.0857587,-0.3793688,-1.6533399,-2.621632,0,0
-2.4552188,-1.822357,0.6219786,3.5691411,3,0
-0.27572027,5.323574,-2.644537,-2.2700098,1,0
-0.6431166,-1.5096079,3.7845988,-1.5729299,2,0
0.29397872,5.1434364,-2.8626359,-2.35816,1,0
-0.45057154,-1.4625868,3.7877471,-1.8105091,2,0
-1.9779898,-1.9580503,2.450627,1.4919565,2,1
-0.18071277,-1.6151538,3.3297048,-1.6169753,2,1
5.1317854,-0.20323782,-1.6512885,-2.7733307,0,1
-2.3122225,-1.9081529,-0.6307654,4.422867,3,0
0.17999914,5.1757526,-2.785246,-2.342848,1,0
0.24564432,5.1563454,-2.8413801,-2.3374348,1,0
-2.2889068,-1.9081888,-0.6425345,4.4109282,3,0
-0.46760124,5.3148184,-2.5435941,-2.2286942,1,0
0.35746485,5.126439,-2.9272225,-2.3188193,1,0
5.1501074,-0.14503539,-1.7031446,-2.769597,0,0
-0.5502963,5.3109875,-2.4922466,-2.2010546,1,0
-2.200999,-1.8169243,-0.88762015,4.4477305,3,0
-0.3122744,-1.4092027,3.6678104,-1.8952107,2,1
-0.8640119,-2.2617218,0.044071853,3.3262577,3,0
-0.48046088,5.3420315,-2.4720817,-2.2634814,1,0
-1.4274372,-1.4731326,-1.820458,4.2383475,3,0
-1.7464079,-2.0412362,0.2121972,3.7519693,3,0
-0.69814277,5.279842,-2.334426,-2.1597402,2,0
-0.6886961,-1.6047798,3.8035436,-1.485483,2,0
-0.41076198,-1.4932696,3.7765317,-1.8123063,2,0
-0.48941818,-1.5058582,3.792416,-1.7411183,2,0
-1.6881496,-1.5733151,-1.5722306,4.3541646,3,0
-2.1882238,-2.0208862,1.5365674,2.6841218,3,1
-0.43148902,-1.4487429,3.7647796,-1.8355917,2,0
5.172898,-0.002818415,-1.8043954,-2.8263543,0,1
-0.5029059,-1.4628567,3.7710586,-1.7100751,2,0
-0.8101234,-1.908148,3.6420686,-0.76910263,2,0
5.144246,-0.16610804,-1.7542145,-2.702632,0,1
5.1477427,0.04783079,-1.800881,-2.8561587,0,1
-0.5599556,-1.5469283,3.767261,-1.5557619,2,0
-0.18088438,5.1293926,-2.6860054,-2.2117536,0,0
-0.1411171,5.2363415,-2.7591987,-2.230832,1,1
5.1533623,0.18177018,-1.8478825,-2.945799,0,1
-0.83219516,-1.7191644,-2.0147002,4.160249,3,1
-0.564002,5.337592,-2.478254,-2.2296271,1,0
-0.9115152,-1.6988249,-1.8013691,4.0525565,3,0
2.529728,-1.2001898,1.6584913,-2.7374136,2,0
-0.9519164,-1.6240463,3.6442332,-0.9993398,2,0
-0.6536779,5.287116,-2.4049623,-2.2117696,1,0
-0.8862792,-1.5787209,3.755417,-1.192151,2,0
5.1217313,-0.24368595,-1.6540064,-2.7411735,0,1
5.128348,-0.247849,-1.6689,-2.757856,0,1
5.098828,-0.2797721,-1.7655966,-2.631205,0,0
5.1442165,0.062728584,-1.7942307,-2.8319833,0,1
-1.0242687,-1.5425601,3.3719552,-0.6830995,2,0
-0.6984481,-1.764614,3.7629616,-1.1692076,2,0
-1.0034966,-1.609067,3.7095435,-0.898067,2,0
-1.7660756,-1.7667276,2.8466945,0.7915101,3,0
-0.6645192,5.297894,-2.386432,-2.214763,1,0
5.118122,-0.30093858,-1.7002894,-2.625558,0,1
5.135883,-0.05234334,-1.7307864,-2.8058345,0,1
-0.35921317,5.2938366,-2.6254592,-2.2388256,1,0
-0.46908182,5.2996597,-2.5512578,-2.2439103,1,0
-0.7327252,5.1138763,-2.033689,-2.3959844,1,0
0.26416662,5.1488175,-2.8913527,-2.275637,1,0
-2.251778,-1.8360004,-0.74155223,4.4355516,3,1
5.1306834,0.09075444,-1.7816592,-2.9134169,0,0
-2.2215376,-2.147741,0.15635958,3.9717767,3,0
-2.218795,-1.9471086,-0.7379838,4.463641,2,0
5.1638875,-0.041977607,-1.7471496,-2.8533967,0,0
-1.7000637,-1.5996485,-1.5612403,4.369935,3,0
-0.051062968,-1.2781274,3.5497277,-2.076324,2,1
-0.034275632,5.210249,-2.74068,-2.2993944,1,0
3.562244,-1.8714483,-1.327184,-0.05166054,3,0
3.8598602,-1.380872,-0.7627846,-1.100333,3,0
-0.19609052,-1.2828196,3.623131,-2.0684888,2,0
5.134838,-0.16686018,-1.6976564,-2.7779567,2,1
-2.2051656,-1.8873214,-0.87893677,4.5016418,3,0
-1.3583183,-1.8372262,3.3814576,-0.15721524,2,0
-0.41685206,-1.4528294,3.7075622,-1.7273924,2,1
-1.9217509,-2.1236696,2.1830359,1.8602724,3,0
-0.26195657,5.2101436,-2.646437,-2.2321315,1,0
-2.301677,-1.9503844,-0.7261605,4.48868,3,0
-1.245073,-1.5584059,-1.8456529,4.1741705,3,0
5.112936,-0.19738671,-1.811488,-2.586947,0,1
-0.46563166,-1.5030404,3.786634,-1.7796757,2,0
-0.88458,-1.5586495,3.7179708,-1.1952951,3,0
5.0871654,-0.3748411,-1.6177992,-2.5857244,0,1
-2.4078763,-1.7242265,0.4719443,3.628375,3,0
5.137585,-0.21008706,-1.6551723,-2.724612,0,0
-2.1840012,-1.8065082,-0.7880521,4.4358916,3,0
-0.2886407,5.259404,-2.6535416,-2.2069764,1,1
2.8805823,3.4300354,-3.165212,-2.7455454,0,0
0.018758781,5.2445035,-2.7710311,-2.3067076,1,0
5.143976,-0.1622363,-1.723722,-2.749074,0,0
-0.45725212,-1.5485569,3.7935622,-1.7060467,2,1
-0.44477868,5.3395615,-2.5541759,-2.2217495,1,0
-0.4766242,-1.4885228,3.7654166,-1.7529665,2,0
5.0916066,-0.4291379,-1.5567505,-2.5950398,0,0
-0.8118437,-1.268251,3.7007627,-1.4692295,2,0
5.146285,-0.07489462,-1.7083559,-2.7555609,0,1
5.093302,-0.3637628,-1.6015463,-2.7091079,0,0
5.1470356,-0.011602704,-1.7804606,-2.807702,0,0
5.1555085,-0.004886587,-1.879196,-2.718298,0,0
-0.46952525,5.2663116,-2.5403872,-2.2473533,1,1
0.5785497,-1.3773738,3.242681,-2.3134117,2,1
-2.242288,-1.8722035,-0.59049535,4.4294825,3,0
-2.099039,-1.9520191,-0.8163421,4.4753695,3,0
0.1582431,5.2181892,-2.8672714,-2.2875018,1,0
5.1514535,-0.035539486,-1.7663984,-2.8401854,0,0
0.39809257,5.125585,-2.9635487,-2.3057268,1,0
-2.3134067,-1.8198994,-0.42614144,4.2527122,3,0
-0.43618336,-1.4775219,3.7667568,-1.8076844,2,0
-1.2607775,-1.5163064,-1.7555817,4.153302,3,0
-0.52641976,5.3180785,-2.538174,-2.2174835,1,0
-0.53074825,5.329173,-2.5107524,-2.2151806,1,0
-1.2468336,-1.5119717,-1.8481866,4.175515,3,0
5.156099,0.18810041,-1.8377541,-2.943434,0,1
-0.6312588,-1.566529,3.7837894,-1.4895524,2,0
-1.0958238,-1.9510479,2.5624294,0.66420877,3,0
-0.5368668,-1.5462655,3.8027513,-1.6921946,2,1
-0.25507915,5.23559,-2.6609676,-2.292736,1,0
5.1644983,-0.031400044,-1.7731724,-2.7855577,0,1
-0.56442434,-1.5207679,3.7569773,-1.6309228,3,0
4.776242,-0.9679988,-1.5248256,-1.7646061,0,0
5.145251,0.08196595,-1.8029276,-2.8604496,0,1
-0.612432,-1.5070938,3.7952564,-1.6137729,2,0
-0.11837403,-1.8446946,3.1573377,-0.9564874,2,0
-0.46795458,-1.5101717,3.7666106,-1.7319763,2,0
-2.3490403,-1.846006,-0.58501905,4.406852,3,0
5.146943,-0.16424885,-1.7741823,-2.7078583,0,0
-0.5889915,-1.5781066,3.750724,-1.5663652,2,0
-1.0480766,-1.8840172,2.7192476,0.63236934,2,0
5.1204047,-0.32072067,-1.684638,-2.610396,0,0
-2.2920907,-1.9954202,-0.58642846,4.409549,3,0
-0.69921374,5.2873683,-2.3403416,-2.2006047,1,0
0.2943013,5.145505,-2.8622835,-2.3673794,1,0
-0.30902362,5.252189,-2.7398038,-2.1847553,1,1
5.118878,-0.3124686,-1.8314863,-2.4937437,0,0
-0.57322985,5.2885623,-2.4833033,-2.1027563,1,0
-2.345397,-1.947077,-0.5690593,4.4222445,3,0
-0.54152334,-1.5386112,3.8126287,-1.690426,2,0
5.1486087,-0.022604631,-1.7836057,-2.8358572,0,0
0.1504228,5.162334,-2.892977,-2.3032951,1,0
5.1358147,-0.15132016,-1.6833498,-2.7570145,0,0
-2.3556888,-2.0673692,1.0031482,3.2954998,3,0
5.129751,-0.23769672,-1.6795113,-2.7252243,0,1
-0.4834483,-1.4809508,3.7759964,-1.778255,2,0
-0.67158365,5.3104477,-2.4375684,-2.1928115,1,0
-0.066261604,5.264629,-2.7895296,-2.2560995,1,0
0.41181478,5.0979223,-2.9513915,-2.341173,0,0
3.4069881,-1.5413532,-1.9119134,0.5539898,0,0
-2.1827521,-1.8882905,-0.8998028,4.5071273,3,0
-0.48587155,-1.5165776,3.779894,-1.746285,2,0
-0.2798173,-1.4074311,3.6741707,-1.91469,2,0
-2.1744363,-1.9166927,-0.6958068,4.425727,3,0
0.53745055,-1.3090037,3.348673,-2.3236063,0,1
1.9418787,-1.1177794,2.1593037,-2.547791,2,0
-2.3257344,-1.7351488,0.633919,3.414525,3,1
5.157473,0.19528536,-1.8280509,-2.9521818,0,1
1.1815426,-1.2012403,-0.18442167,0.56025094,1,1
0.029843468,5.204939,-2.7669485,-2.2629864,1,0
-0.37310115,-1.5353117,3.7167275,-1.5638922,2,0
5.149958,0.22080007,-1.8066982,-3.0004234,0,1
0.22495875,5.1782875,-2.8550506,-2.3648093,1,1
-0.69941103,5.289543,-2.3615105,-2.222164,1,0
-1.3447268,-1.9770329,-0.30378985,3.7987099,3,0
5.151415,-0.0676026,-1.7598568,-2.8122888,0,0
-1.2098038,-1.7320138,3.4663932,-0.26870692,3,0
-0.6229989,5.273213,-2.4681048,-2.178711,1,0
-2.1952338,-1.8389755,-0.97135395,4.517028,3,0
5.129533,-0.071680225,-1.75607,-2.7745922,0,0
-0.42292574,5.3222966,-2.5810974,-2.2125497,1,0
-0.85439944,-1.9174529,3.4433842,-0.47816676,2,0
0.25882354,5.1276045,-2.8426108,-2.3300898,1,0
5.128782,0.10293204,-1.8374827,-2.8589058,0,1
5.0664883,-0.5177242,-1.672607,-2.3672407,0,0
5.14408,-0.061149158,-1.7306367,-2.8348153,0,1
-1.441351,-1.4425554,-1.7795285,4.208728,3,0
5.1320767,0.1299792,-1.7745453,-2.901041,0,1
-2.067551,-1.9887259,-0.55732465,4.2734413,3,0
5.1485467,-0.07086351,-1.7025232,-2.8890896,0,1
-0.33821002,-1.4430597,3.7270513,-1.8780524,2,0
-1.4125389,-0.037286337,3.0002348,-1.4992421,2,0
5.136797,-0.20482306,-1.6977851,-2.7487717,0,0
-0.82672733,-1.8208878,3.734485,-0.9626636,2,0
-0.08018047,5.10645,-2.7970312,-2.1426394,1,0
-2.472924,-2.0002599,0.67114615,3.612493,3,0
5.107467,-0.31017846,-1.6616226,-2.6323137,0,1
-0.56215,-1.4880834,3.774198,-1.6946691,2,0
5.161331,-0.027757654,-1.8348724,-2.7464867,0,1
-0.18315126,-1.8221562,-1.3404846,3.127437,0,0
-0.3058084,-1.1110401,3.508575,-2.0498204,2,0
1.16486,-1.7048448,0.1651286,0.54015434,3,0
-0.6455276,5.3000784,-2.3552008,-2.2492793,1,0
5.1471353,-0.054712556,-1.878834,-2.7065346,0,0
-0.68245184,-1.5205779,3.788307,-1.5161505,2,0
-0.78526425,-1.4694378,3.7385898,-1.3542632,2,0
0.28761765,5.1127777,-2.9299874,-2.272656,1,0
1.7016203,-1.5222255,2.2413075,-1.9203463,2,0
-0.47552443,5.2869315,-2.593002,-2.1995351,1,0
-0.37227237,5.303741,-2.6257327,-2.2626238,1,0
0.1533603,5.1920185,-2.8322768,-2.3461027,1,0
5.1422353,-0.09765634,-1.7059327,-2.8163342,0,0
-1.3729016,-1.5783875,-1.5741191,4.0858417,3,0
3.3438945,-1.5093534,-1.9001452,0.6438203,0,1
0.4532099,5.0905585,-2.981502,-2.335022,1,0
-0.56608343,5.306053,-2.5237,-2.1533246,1,0
0.36608827,-1.4984245,3.4296567,-2.1605284,2,0
-0.2541618,-1.8136876,3.4243665,-1.0299507,2,0
-0.36895096,5.258923,-2.5814369,-2.2455947,1,0
-1.022485,-1.697746,3.597191,-0.8344502,3,0
-1.4197766,-2.1502924,-0.8618004,4.2390933,3,0
-0.49186432,-1.4384307,3.7526567,-1.7770026,2,0
-0.58779293,-1.5286072,3.7803886,-1.6277096,2,0
-2.2093742,-1.9200017,-0.72027844,4.4616475,3,1
-0.27949995,5.289903,-2.6563966,-2.2096682,1,0
5.158925,-0.016276833,-1.748753,-2.8567631,0,1
5.1055794,-0.32809815,-1.804695,-2.4165132,0,0
-0.9971643,-1.7154742,3.4088855,-0.6186658,2,0
-2.3330142,-2.1553729,0.4940322,3.7900784,2,0
-1.4995214,-1.5226259,-1.7433939,4.282483,3,0
-2.4603205,-1.8601956,0.19158317,3.956175,3,0
4.18646,-1.2256231,-1.7621824,-0.84214467,0,1
0.35170764,5.1286693,-2.9262047,-2.334296,0,0
-0.48387465,5.2525525,-2.4411235,-2.2745326,1,0
0.2073923,5.179343,-2.8694272,-2.3298817,1,1
4.760203,-0.8889159,-1.6904825,-1.9129404,0,0
-2.1552818,-2.0020256,-0.32093236,4.256009,3,0
5.1377816,-0.009960472,-1.709979,-2.8658729,0,1
5.1497493,0.2898314,-1.8999496,-2.9111073,0,1
5.1769586,0.12451262,-1.8122436,-2.918619,0,1
-0.4302982,5.1077185,-2.4734912,-2.168768,1,0
5.157458,-0.01740226,-1.7907853,-2.7999184,0,1
-2.2106109,-2.0143864,1.7667717,2.4130297,3,0
0.14662188,5.1925774,-2.8148699,-2.3325908,1,0
-2.090933,-1.9640453,-0.56761795,4.3244424,2,0
-2.2250922,-1.8642681,-0.67061156,4.440465,3,0
0.21407251,5.183494,-2.83614,-2.3406909,1,0
-0.29624093,5.314078,-2.6484969,-2.254657,1,1
5.0430956,-0.039651487,-1.9223926,-2.5507686,0,0
0.017234165,-2.0171292,-1.6073134,3.6012053,0,0
-0.2585971,5.262389,-2.6791203,-2.2402346,1,1
-0.20015217,5.269545,-2.6614747,-2.2729619,1,0
-2.2967227,-2.0493505,1.816134,2.3811731,3,0
5.1502905,0.05770064,-1.7990514,-2.8690324,0,1
-0.63187915,-1.5905548,3.7968836,-1.5232975,2,0
-0.11336057,5.2422547,-2.7422647,-2.2864687,1,0
-1.1098417,-1.7748212,3.4007735,-0.49366033,2,0
0.40450183,5.112451,-2.9396338,-2.359916,1,0
-0.39717844,5.083135,-2.5169,-2.2517579,1,0
-0.6572295,-1.5371543,3.7928612,-1.5454615,2,0
-0.43129572,5.3151155,-2.565742,-2.1974962,1,0
-2.411574,-1.8516564,-0.13076933,4.1324644,3,0
5.136393,-0.21805476,-1.7479094,-2.688343,0,1
-0.36170354,-1.4641737,3.7032228,-1.8208139,2,0
-0.45050275,-1.5615532,3.7071362,-1.6584548,0,0
-0.57944125,5.2595587,-2.4963927,-2.2034984,1,0
-0.56833684,-1.5448891,3.8017132,-1.6590238,2,0
-2.0121412,-1.818174,2.432214,1.4580677,2,0
-1.6403741,-1.836153,3.03981,0.52984774,2,0
-0.48104528,-1.5097264,3.8008518,-1.7663585,2,0
-0.6514115,-1.5895146,3.7891505,-1.5469893,2,0
-2.2910292,-2.0481398,-0.26271224,4.254081,3,0
5.124414,-0.21192427,-1.6888704,-2.658405,0,0
-1.2451288,-2.2569678,-0.825556,4.1690283,3,0
0.20589982,5.174858,-2.827029,-2.341336,1,0
-2.4232395,-1.5919714,0.70760596,3.3311005,3,0
-2.3947673,-1.8821374,0.26609135,3.8774014,3,0
-0.45790353,-1.439566,3.0394592,-0.7286535,2,0
0.48299813,5.1060486,-2.9438376,-2.4085639,1,0
-2.2839568,-1.9178083,-0.7728637,4.4855995,3,0
-1.6938707,-1.5615158,-1.5306331,4.3113737,3,0
5.156265,-0.16269344,-1.7110355,-2.7373734,0,1
5.15171,0.09938115,-1.769028,-2.9066,0,1
-2.236017,-1.9304751,-0.46031353,4.3500476,2,0
5.0887256,-0.43735072,-1.7306682,-2.4686184,0,1
-0.1646408,4.9890676,-2.9080281,-1.7607218,1,0
5.1615295,0.024996016,-1.8180422,-2.8418586,0,1
5.1511893,0.11541918,-1.8031245,-2.8872273,0,1
5.142018,-0.07797485,-1.8269808,-2.745639,0,0
-0.41728544,-1.4545646,3.7166674,-1.797244,2,0
-0.21637271,-1.3810264,3.6496892,-1.9689348,2,1
-0.40511942,5.2205358,-2.5816927,-2.180347,1,0
-2.4463434,-1.9831821,0.005576471,4.1338143,3,0
-1.372561,-1.9583946,-0.5958492,3.7236657,3,0
5.127564,-0.13828102,-1.7107805,-2.7791252,0,0
-0.74733114,-1.5258695,3.7134655,-1.3088412,2,0
-0.17398155,5.2373385,-2.7233338,-2.2858684,1,1
0.46023974,-1.6393073,2.2836108,-0.62277156,2,0
5.156897,-0.06805651,-1.7405052,-2.8242702,0,0
-2.2931163,-1.9126314,-0.5044991,4.3598533,3,1
4.8884435,-0.8984843,-1.5952078,-1.8825085,0,0
-2.3348696,-1.9545088,-0.17851779,4.203257,3,0
-2.1052306,-1.81616,-0.98796946,4.4853077,3,0
-2.046521,-1.7796227,-0.31626582,3.9718497,3,0
0.25495124,4.9873986,-2.769957,-2.3453233,0,0
-0.4030906,5.1732187,-2.5283227,-2.1793468,1,0
-0.6585522,-1.5943621,3.79221,-1.4804163,2,0
0.34063968,-2.0775633,-1.8547435,3.6021261,3,0
-0.39228985,5.2532067,-2.5855477,-2.214222,1,0
-0.2846017,5.2999916,-2.632967,-2.2722569,1,0
-2.3788888,-1.9473444,0.011647675,4.025263,3,0
5.1364155,-0.233,-1.7219901,-2.618329,0,1
-0.4581293,5.225976,-2.5716279,-2.1598155,1,1
-0.41657898,5.3078027,-2.5772338,-2.2089787,1,1
5.0969357,-0.34344968,-1.6173455,-2.6656506,0,0
-0.84532076,-1.7678388,3.7127473,-0.94432086,0,0
-0.6771305,5.2968235,-2.3880928,-2.2330575,1,1
-0.31036898,-1.4463484,3.7058132,-1.8871136,0,0
-0.45522404,5.269505,-2.5410678,-2.232518,1,0
5.106894,-0.25887474,-1.6676491,-2.5932367,0,0
-0.25570956,5.2955027,-2.7029605,-2.1919427,1,0
-0.49324602,-1.4751812,3.789696,-1.7168179,2,0
-0.55567485,-1.5340943,3.7958157,-1.6961079,2,0
5.1032405,-0.31658703,-1.7206987,-2.6439369,0,0
-0.32313877,-1.4591405,3.7014666,-1.8706094,0,0
5.151948,0.1516627,-1.8197548,-2.949136,0,1
5.1538186,0.010752474,-1.786847,-2.865235,0,1
5.1609445,0.027629469,-1.7843322,-2.8524094,0,1
2.456274,-0.31724882,-1.6308839,-0.17961793,3,0
-0.795961,-1.5964959,3.7278562,-1.2498639,2,1
0.16281994,5.1930833,-2.8374567,-2.3375459,1,0
-0.57011276,5.2257557,-2.4716902,-2.1585076,1,0
5.1512713,-0.15006097,-1.7304482,-2.7605104,0,1
-0.51093507,5.2793837,-2.5987267,-2.175957,1,1
-0.087364376,5.2435417,-2.7942376,-2.2325525,1,0
5.147817,-0.13770702,-1.7251512,-2.7437139,0,1
0.20510572,-1.285192,3.4174395,-2.1503463,2,1
-2.242667,-1.7885361,-0.9042577,4.5308247,3,0
-0.37052032,-1.4691153,3.7171302,-1.8068105,2,0
0.6934396,-1.4229245,3.1426334,-2.3082197,2,0
0.06712677,5.194747,-2.7973917,-2.3321059,1,0
3.3814201,-1.4994415,-2.131272,0.63304627,0,1
5.1460986,0.14618929,-1.78749,-2.9624352,0,1
5.107284,-0.31481692,-1.6692725,-2.5872238,0,0
-0.4115399,5.319839,-2.5736516,-2.1908288,1,0
-0.54151326,5.3136,-2.5246255,-2.1489396,1,0
5.1438737,0.045315392,-1.7921565,-2.8770032,0,1
1.0059427,-1.3684173,3.0308042,-2.2914863,0,1
0.4490423,5.0885596,-2.9609385,-2.327124,1,0
-0.5153712,-1.5207931,3.7855446,-1.7103529,2,0
-2.081286,-1.954718,2.2579353,1.8334036,3,1
-2.0115526,-1.7673277,-1.0782336,4.448876,3,0
5.1267066,0.24496749,-1.7867262,-3.0323946,0,1
0.03791545,5.2268934,-2.8517358,-2.2395835,1,0
-0.49544495,-1.4561912,3.7485611,-1.7393596,2,1
5.151749,-0.102876164,-1.7682072,-2.7116718,0,1
4.863043,-0.8404637,-1.3093532,-2.3883345,0,0
-2.0213902,-1.893582,2.2752995,1.7965673,2,0
-2.0852978,-1.8878595,-1.0443935,4.510512,3,0
5.157722,-0.050524794,-1.7833197,-2.8013077,0,0
-2.1902404,-1.8905519,-0.66205037,4.397315,3,0
5.151892,-0.10728525,-1.7282547,-2.7956371,0,1
-1.2178721,-1.376971,-1.9919053,4.1424637,3,0
5.146085,-0.015368212,-1.782202,-2.8222277,0,0
-0.49752238,-1.4360389,3.7318287,-1.7323191,2,0
-1.5002482,-1.4561998,-1.788452,4.26677,3,1
-1.8332427,-1.794214,2.793908,0.9154569,3,0
1.4682702,-1.3064404,0.96328205,-0.62903553,0,0
-2.353076,-1.7820851,0.022053858,3.9603856,3,0
-0.4688397,5.322498,-2.5812712,-2.21204,1,1
-0.40231898,-1.4273992,3.6962202,-1.723013,2,0
5.0084114,-0.5838915,-1.6224215,-2.3560033,0,0
-0.68511814,-1.5792398,3.8238568,-1.4375703,2,0
5.0986214,-0.20801231,-1.6863046,-2.5829406,0,1
-0.46258047,5.3251367,-2.5614002,-2.1930013,1,0
-0.4351184,5.323846,-2.5717542,-2.2018812,1,0
0.51293397,5.0641437,-2.9580884,-2.3040369,1,1
-0.6688465,5.309252,-2.399619,-2.235085,1,0
-0.51054347,-1.4898452,3.8260624,-1.7390385,2,0
-0.5093393,5.3071136,-2.531183,-2.1955628,1,0
-0.062284794,5.203411,-2.664251,-2.2947655,1,0
-1.968578,-2.0123792,-0.6674854,4.3279147,3,0
-0.4624859,5.3012624,-2.5530324,-2.1972754,1,0
-1.0604085,-1.6000868,-1.7578865,4.0315228,3,0
0.37369877,5.128758,-2.8968918,-2.3298244,1,0
-0.22902355,-1.3899004,3.6796024,-1.977251,2,0
-2.308527,-1.8704141,-0.37030396,4.30901,3,0
-0.24371892,-1.8959879,3.3479486,-1.0679932,2,0
-1.6985937,-2.117217,-0.62944615,4.1974835,3,0
-1.158129,-1.543663,3.4392955,-0.61346364,2,0
-0.48778158,-1.492531,3.7827463,-1.7314693,2,0
-2.1127386,-1.84495,2.2469819,1.7162774,2,0
-1.9447349,-1.800297,2.6124704,1.2613456,3,0
-2.2187767,-1.8906021,-0.8448167,4.483983,3,0
0.3733914,5.1464534,-2.939856,-2.3038974,1,0
-0.40932027,-1.5803921,3.6666734,-1.6283717,0,0
0.02335365,5.189678,-2.793462,-2.2967014,1,0
-0.39779663,5.259096,-2.577243,-2.2479815,1,0
1.7897364,-0.6841174,-1.1236266,0.36811656,0,0
-1.1149757,-1.5970625,-1.8946319,4.166909,3,0
-0.4552083,-1.4094524,3.7139716,-1.7967736,2,0
5.1710315,0.100391835,-1.8188713,-2.8971448,0,1
5.1511707,-0.016653776,-1.7341369,-2.868345,0,0
-0.00062655285,5.1980743,-2.7735357,-2.2880814,1,1
5.0794377,-0.3631109,-1.655883,-2.5555913,0,0
4.2032495,-1.2801254,-1.7617707,-0.683853,3,0
5.1437373,0.16302872,-1.7861928,-2.9411943,0,1
5.0589876,-0.469761,-1.6540389,-2.452832,0,0
0.24577169,5.1450152,-2.8606863,-2.3319957,1,0
5.125794,0.32691208,-1.9677354,-2.9612122,0,0
5.1518188,-0.19251889,-1.7664375,-2.6935596,0,1
5.1627665,0.009057295,-1.8597438,-2.8028514,0,1
-1.2979655,-1.5374575,-1.8061221,4.1820183,3,0
-0.7567972,5.2676144,-2.3332946,-2.1944134,1,0
1.9687905,-1.2537848,-2.1821423,1.951103,0,0
1.4044504,-1.3648641,2.4043474,-2.2999625,2,0
-1.0739552,-1.5828221,-1.9055319,4.188774,0,0
1.6534979,4.19329,-2.7609177,-2.8012354,1,1
-1.0715888,-2.3322108,0.5868288,2.5306818,2,0
-2.343665,-1.8613157,-0.6286573,4.419219,3,0
-0.54559857,-1.4779055,3.7772634,-1.683708,2,0
-0.07414532,5.1858263,-2.731188,-2.2472613,1,0
5.1387095,-0.18579544,-1.6831812,-2.7985892,0,0
-2.2419703,-1.8485041,1.9254241,2.2441382,3,0
